"County","State","Outbreak Date","Flock Type","Flock Size"
"Sanilac","Michigan","12-30-2022","WOAH Non-Poultry","30"
"Snohomish","Washington","12-30-2022","WOAH Poultry","180"
"Pierce","Washington","12-29-2022","WOAH Non-Poultry","40"
"Weakley","Tennessee","12-28-2022","Commercial Broiler Breeder","19000"
"Elk","Kansas","12-28-2022","WOAH Non-Poultry","30"
"Weakley","Tennessee","12-28-2022","Commercial Broiler Breeder","43600"
"Glenn","California","12-22-2022","Commercial Upland Gamebird Producer","32000"
"Bates","Missouri","12-21-2022","WOAH Non-Poultry","30"
"Umatilla","Oregon","12-21-2022","WOAH Non-Poultry","10"
"Weakley","Tennessee","12-21-2022","WOAH Poultry","28800"
"St. Clair","Illinois","12-21-2022","WOAH Non-Poultry","60"
"Hanson","South Dakota","12-20-2022","Commercial Turkey Meat Bird","31800"
"Gem","Idaho","12-20-2022","WOAH Non-Poultry","80"
"Weld","Colorado","12-20-2022","Commercial Table Egg Layer","239700"
"Mendocino","California","12-19-2022","WOAH Non-Poultry","20"
"Butte","California","12-16-2022","WOAH Non-Poultry","20"
"Duval","Florida","12-16-2022","WOAH Non-Poultry","10"
"Flathead","Montana","12-16-2022","WOAH Non-Poultry","0"
"Weld","Colorado","12-16-2022","Commercial Table Egg Layer","1291000"
"Polk","Oregon","12-15-2022","WOAH Non-Poultry","20"
"Redwood","Minnesota","12-14-2022","WOAH Non-Poultry","40"
"Weakley","Tennessee","12-14-2022","WOAH Poultry","37900"
"Knox","Nebraska","12-14-2022","WOAH Poultry","160"
"Spink","South Dakota","12-14-2022","WOAH Poultry","280"
"Moody","South Dakota","12-14-2022","Commercial Table Egg Layer","1332100"
"Franklin","Washington","12-14-2022","Commercial Table Egg Layer","1015500"
"Columbia","Oregon","12-13-2022","WOAH Non-Poultry","100"
"Linn","Oregon","12-13-2022","WOAH Non-Poultry","20"
"Daviess","Indiana","12-13-2022","Commercial Turkey Meat Bird","11400"
"Buena Vista","Iowa","12-12-2022","Commercial Turkey Meat Bird","51200"
"Ida","Iowa","12-12-2022","Commercial Turkey Meat Bird","90000"
"Wadena","Minnesota","12-12-2022","Commercial Turkey Meat Bird","298100"
"Sac","Iowa","12-12-2022","Commercial Turkey Meat Bird","50000"
"Hanson","South Dakota","12-12-2022","Commercial Turkey Meat Bird","23900"
"Cherokee","Iowa","12-12-2022","Commercial Turkey Meat Bird","50000"
"Polk","Oregon","12-09-2022","WOAH Non-Poultry","70"
"Prowers","Colorado","12-09-2022","Commercial Upland Gamebird Producer","11000"
"Onslow","North Carolina","12-09-2022","WOAH Non-Poultry","60"
"Clackamas","Oregon","12-09-2022","WOAH Non-Poultry","60"
"Osage","Missouri","12-09-2022","Commercial Turkey Meat Bird","19700"
"Dade","Missouri","12-08-2022","WOAH Non-Poultry","30"
"Dodge","Minnesota","12-08-2022","Commercial Turkey Meat Bird","10000"
"Hamlin","South Dakota","12-08-2022","Commercial Turkey Meat Bird","58100"
"Kingsbury","South Dakota","12-07-2022","WOAH Non-Poultry","70"
"Cherokee","Iowa","12-07-2022","Commercial Turkey Meat Bird","105000"
"Sac","Iowa","12-07-2022","Commercial Turkey Meat Bird","40000"
"Lamoille","Vermont","12-06-2022","WOAH Non-Poultry","50"
"Larimer","Colorado","12-06-2022","WOAH Non-Poultry","2"
"Harrison","Missouri","12-06-2022","WOAH Non-Poultry","30"
"Pawnee","Oklahoma","12-06-2022","WOAH Non-Poultry","30"
"Denton","Texas","12-06-2022","WOAH Non-Poultry","40"
"Lawrence","Alabama","12-05-2022","WOAH Non-Poultry","460"
"Clark","South Dakota","12-05-2022","Commercial Turkey Meat Bird","24300"
"Buena Vista","Iowa","12-05-2022","Commercial Turkey Meat Bird","40700"
"Charles Mix","South Dakota","12-05-2022","Commercial Turkey Meat Bird","34100"
"Union","North Carolina","12-02-2022","WOAH Non-Poultry","9"
"Clark","South Dakota","12-02-2022","WOAH Non-Poultry","40"
"Knox","Nebraska","12-02-2022","WOAH Non-Poultry","10"
"Jackson","Missouri","12-01-2022","WOAH Non-Poultry","30"
"Brookings","South Dakota","12-01-2022","WOAH Non-Poultry","210"
"Arkansas","Arkansas","12-01-2022","WOAH Non-Poultry","20"
"Lake","South Dakota","12-01-2022","Commercial Turkey Meat Bird","78000"
"Hamlin","South Dakota","11-30-2022","Commercial Turkey Meat Bird","50000"
"Grundy","Illinois","11-30-2022","WOAH Poultry","8800"
"Charles Mix","South Dakota","11-30-2022","Commercial Turkey Meat Bird","75100"
"Spink","South Dakota","11-29-2022","Commercial Turkey Meat Bird","32900"
"Hanson","South Dakota","11-29-2022","Commercial Turkey Meat Bird","71600"
"Washington","Maryland","11-29-2022","Commercial Table Egg Breeder","24600"
"Iron","Utah","11-28-2022","WOAH Poultry","3000"
"Webster","Missouri","11-28-2022","Commercial Turkey Meat Bird","15100"
"Matanuska Susitna","Alaska","11-25-2022","WOAH Non-Poultry","40"
"Beadle","South Dakota","11-25-2022","Commercial Turkey Meat Bird","67900"
"Turner","South Dakota","11-25-2022","WOAH Non-Poultry","210"
"Durham","North Carolina","11-25-2022","WOAH Non-Poultry","30"
"Dixon","Nebraska","11-25-2022","Commercial Table Egg Layer","1700000"
"Beadle","South Dakota","11-25-2022","Commercial Turkey Meat Bird","50700"
"Spink","South Dakota","11-25-2022","Commercial Turkey Meat Bird","55500"
"Columbia","Oregon","11-23-2022","WOAH Non-Poultry","30"
"Brule","South Dakota","11-23-2022","WOAH Non-Poultry","30"
"Davidson","Tennessee","11-23-2022","WOAH Non-Poultry","10"
"Broward","Florida","11-23-2022","WOAH Non-Poultry","10"
"Todd","Minnesota","11-23-2022","Commercial Turkey Meat Bird","44500"
"Faulk","South Dakota","11-23-2022","Commercial Turkey Meat Bird","49900"
"Beadle","South Dakota","11-22-2022","Commercial Turkey Meat Bird","29200"
"Webster","Missouri","11-22-2022","WOAH Poultry","9100"
"Edmunds","South Dakota","11-21-2022","Commercial Turkey Meat Bird","34400"
"Washington","Maine","11-21-2022","WOAH Non-Poultry","90"
"Utah","Utah","11-18-2022","WOAH Non-Poultry","270"
"Union","North Carolina","11-18-2022","WOAH Non-Poultry","50"
"Berks","Pennsylvania","11-17-2022","WOAH Non-Poultry","30"
"Broward","Florida","11-17-2022","WOAH Non-Poultry","20"
"Seminole","Florida","11-16-2022","WOAH Poultry","100"
"Hillsborough","Florida","11-16-2022","WOAH Non-Poultry","100"
"Fresno","California","11-16-2022","Commercial Duck Breeder","34700"
"Duval","Florida","11-15-2022","WOAH Non-Poultry","30"
"Otter Tail","Minnesota","11-15-2022","Commercial Turkey Meat Bird","28200"
"Bledsoe","Tennessee","11-15-2022","Commercial Broiler Breeder","20900"
"Lowndes","Mississippi","11-14-2022","WOAH Non-Poultry","8"
"Queens","New York","11-12-2022","Live Bird Market","170"
"Lapeer","Michigan","11-10-2022","WOAH Poultry","990"
"Lehigh","Pennsylvania","11-10-2022","Commercial Turkey Meat Bird","18500"
"Ward","North Dakota","11-10-2022","WOAH Poultry","20"
"Lehigh","Pennsylvania","11-10-2022","Commercial Turkey Breeder Toms","160"
"Mountrail","North Dakota","11-10-2022","WOAH Non-Poultry","40"
"Snohomish","Washington","11-08-2022","WOAH Non-Poultry","150"
"Lehigh","Pennsylvania","11-08-2022","Commercial Turkey Breeder Hens","7500"
"Lehigh","Pennsylvania","11-08-2022","Commercial Turkey Meat Bird","17400"
"Louisa","Iowa","11-08-2022","WOAH Non-Poultry","20"
"Butler","Ohio","11-07-2022","WOAH Poultry","150"
"Jefferson","Wisconsin","11-07-2022","Commercial Upland Gamebird Producer","187900"
"Gloucester","Virginia","11-07-2022","WOAH Non-Poultry","80"
"Converse","Wyoming","11-07-2022","WOAH Non-Poultry","20"
"Wright","Iowa","11-06-2022","Commercial Table Egg Layer","1022800"
"Dauphin","Pennsylvania","11-04-2022","WOAH Non-Poultry","130"
"Lawrence","Mississippi","11-04-2022","Commercial Broiler Breeder","34400"
"Lehigh","Pennsylvania","11-04-2022","Commercial Turkey Meat Bird","14500"
"Sullivan","New York","11-04-2022","WOAH Non-Poultry","110"
"Bottineau","North Dakota","11-03-2022","WOAH Poultry","130"
"San Diego","California","11-03-2022","WOAH Poultry","150"
"Broward","Florida","11-03-2022","WOAH Non-Poultry","70"
"Yamhill","Oregon","11-03-2022","WOAH Poultry","150"
"Marathon","Wisconsin","11-03-2022","WOAH Non-Poultry","30"
"Yavapai","Arizona","11-03-2022","WOAH Non-Poultry","30"
"Lehigh","Pennsylvania","11-03-2022","Commercial Turkey Meat Bird","28500"
"Beaufort","South Carolina","11-03-2022","WOAH Non-Poultry","170"
"Middlesex","Massachusetts","11-03-2022","WOAH Non-Poultry","20"
"Waukesha","Wisconsin","11-02-2022","WOAH Non-Poultry","10"
"Allegheny","Pennsylvania","11-02-2022","WOAH Non-Poultry","20"
"Yavapai","Arizona","11-02-2022","WOAH Non-Poultry","50"
"Bergen","New Jersey","11-02-2022","WOAH Non-Poultry","60"
"Granite","Montana","11-01-2022","WOAH Poultry","40"
"Stearns","Minnesota","11-01-2022","Commercial Turkey Meat Bird","8500"
"Deschutes","Oregon","11-01-2022","WOAH Non-Poultry","8"
"Gregory","South Dakota","11-01-2022","Commercial Upland Gamebird Producer","3000"
"Wayne","New York","11-01-2022","WOAH Non-Poultry","10"
"Tipton","Tennessee","10-31-2022","WOAH Non-Poultry","90"
"Wright","Iowa","10-31-2022","Commercial Table Egg Layer","1100000"
"Swift","Minnesota","10-31-2022","Commercial Turkey Meat Bird","45600"
"Hillsborough","Florida","10-28-2022","WOAH Non-Poultry","40"
"Stearns","Minnesota","10-27-2022","Commercial Turkey Meat Bird","75000"
"Le Sueur","Minnesota","10-27-2022","Commercial Turkey Meat Bird","20100"
"Pasco","Florida","10-26-2022","WOAH Non-Poultry","40"
"La Plata","Colorado","10-26-2022","WOAH Non-Poultry","20"
"Grant","South Dakota","10-25-2022","WOAH Non-Poultry","50"
"Indian River","Florida","10-25-2022","WOAH Non-Poultry","30"
"Indian River","Florida","10-25-2022","WOAH Poultry","50"
"Martin","Florida","10-25-2022","WOAH Non-Poultry","30"
"Sanpete","Utah","10-25-2022","Commercial Turkey Meat Bird","3900"
"Swift","Minnesota","10-25-2022","Commercial Turkey Meat Bird","33800"
"Lake","Florida","10-25-2022","WOAH Non-Poultry","9"
"Southampton","Virginia","10-22-2022","WOAH Non-Poultry","170"
"Ocean","New Jersey","10-22-2022","WOAH Non-Poultry","90"
"Cleveland","Oklahoma","10-21-2022","WOAH Non-Poultry","30"
"Itasca","Minnesota","10-21-2022","WOAH Non-Poultry","40"
"Wake","North Carolina","10-21-2022","WOAH Non-Poultry","170"
"Newport","Rhode Island","10-20-2022","WOAH Non-Poultry","60"
"Virginia Beach City","Virginia","10-20-2022","WOAH Non-Poultry","10"
"Spink","South Dakota","10-20-2022","WOAH Non-Poultry","160"
"Jefferson","Colorado","10-20-2022","WOAH Poultry","50"
"Creek","Oklahoma","10-20-2022","WOAH Non-Poultry","50"
"Okeechobee","Florida","10-20-2022","WOAH Non-Poultry","2"
"Indian River","Florida","10-20-2022","WOAH Non-Poultry","60"
"Valley","Idaho","10-20-2022","WOAH Non-Poultry","20"
"Hill","Montana","10-20-2022","WOAH Non-Poultry","60"
"Dallas","Iowa","10-20-2022","WOAH Non-Poultry","50"
"Rockwall","Texas","10-19-2022","WOAH Non-Poultry","50"
"Shawnee","Kansas","10-19-2022","WOAH Poultry","120"
"Roberts","South Dakota","10-19-2022","Commercial Breeder Operation","3600"
"Sanpete","Utah","10-19-2022","Commercial Turkey Meat Bird","9400"
"St. Lucie","Florida","10-18-2022","WOAH Non-Poultry","6"
"Jackson","Missouri","10-18-2022","WOAH Non-Poultry","40"
"Traill","North Dakota","10-18-2022","WOAH Non-Poultry","90"
"York","Nebraska","10-18-2022","Commercial Upland Gamebird Producer","34900"
"Sanpete","Utah","10-18-2022","Commercial Turkey Meat Bird","100800"
"Osceola","Florida","10-18-2022","WOAH Non-Poultry","20"
"Indian River","Florida","10-18-2022","WOAH Non-Poultry","300"
"Nye","Nevada","10-17-2022","WOAH Poultry","1600"
"Adams","Pennsylvania","10-17-2022","Commercial Turkey Meat Bird","15100"
"Broward","Florida","10-14-2022","WOAH Poultry","300"
"Larimer","Colorado","10-14-2022","WOAH Non-Poultry","20"
"Matanuska Susitna","Alaska","10-14-2022","WOAH Poultry","1000"
"Pope","Arkansas","10-14-2022","WOAH Non-Poultry","470"
"La Plata","Colorado","10-14-2022","WOAH Non-Poultry","40"
"Tulsa","Oklahoma","10-14-2022","WOAH Non-Poultry","30"
"Stanislaus","California","10-13-2022","Commercial Turkey Meat Bird","54900"
"Saint Croix","Wisconsin","10-13-2022","WOAH Non-Poultry","20"
"Warren","New Jersey","10-13-2022","WOAH Non-Poultry","6"
"Sanpete","Utah","10-13-2022","Commercial Turkey Meat Bird","100000"
"Genesee","Michigan","10-12-2022","WOAH Non-Poultry","20"
"Hamlin","South Dakota","10-12-2022","WOAH Non-Poultry","20"
"Fremont","Wyoming","10-12-2022","WOAH Non-Poultry","30"
"Beadle","South Dakota","10-12-2022","Commercial Turkey Meat Bird","71400"
"Sanpete","Utah","10-12-2022","Commercial Turkey Meat Bird","52800"
"Weld","Colorado","10-12-2022","WOAH Non-Poultry","40"
"Martin","Florida","10-11-2022","WOAH Non-Poultry","50"
"Broward","Florida","10-11-2022","WOAH Non-Poultry","40"
"Gregory","South Dakota","10-11-2022","Commercial Upland Gamebird Producer","200"
"Adams","Pennsylvania","10-11-2022","WOAH Poultry","2800"
"Lapeer","Michigan","10-11-2022","WOAH Poultry","40"
"Logan","Kentucky","10-11-2022","WOAH Non-Poultry","190"
"Neosho","Kansas","10-07-2022","WOAH Poultry","2000"
"Johnson","Kansas","10-07-2022","WOAH Poultry","6"
"Boulder","Colorado","10-07-2022","WOAH Poultry","600"
"Lapeer","Michigan","10-07-2022","WOAH Poultry","100"
"Sanpete","Utah","10-07-2022","Commercial Turkey Meat Bird","38900"
"Madison","Arkansas","10-07-2022","Commercial Broiler Breeder Pullets","56000"
"Pope","Minnesota","10-07-2022","WOAH Non-Poultry","30"
"Sanpete","Utah","10-07-2022","Commercial Turkey Meat Bird","26700"
"Brule","South Dakota","10-06-2022","Commercial Upland Gamebird Producer","500"
"Fayette","Kentucky","10-06-2022","WOAH Poultry","150"
"Hampton City","Virginia","10-06-2022","WOAH Non-Poultry","40"
"Monroe","Pennsylvania","10-05-2022","WOAH Non-Poultry","40"
"New Haven","Connecticut","10-05-2022","WOAH Non-Poultry","50"
"Glacier","Montana","10-05-2022","WOAH Non-Poultry","1100"
"Berks","Pennsylvania","10-05-2022","WOAH Non-Poultry","10"
"Matanuska Susitna","Alaska","10-05-2022","WOAH Non-Poultry","40"
"Matanuska Susitna","Alaska","10-05-2022","WOAH Poultry","10"
"Del Norte","California","10-04-2022","WOAH Poultry","43000"
"Box Butte","Nebraska","10-04-2022","WOAH Non-Poultry","100"
"Westmoreland","Pennsylvania","10-04-2022","WOAH Non-Poultry","160"
"Monterey","California","10-04-2022","Commercial Duck Breeder","15100"
"York","Nebraska","10-04-2022","Commercial Upland Gamebird Producer","139500"
"Bernalillo","New Mexico","10-04-2022","WOAH Non-Poultry","40"
"Tuscola","Michigan","10-03-2022","WOAH Poultry","140"
"Calaveras","California","10-03-2022","WOAH Non-Poultry","20"
"Portage","Ohio","10-03-2022","WOAH Non-Poultry","50"
"Cache","Utah","10-03-2022","WOAH Non-Poultry","320"
"Stanislaus","California","10-03-2022","Commercial Turkey Meat Bird","51000"
"Nelson","North Dakota","09-30-2022","WOAH Non-Poultry","50"
"Douglas","Oregon","09-30-2022","WOAH Non-Poultry","30"
"York","Pennsylvania","09-29-2022","Commercial Turkey Meat Bird","25900"
"Sanpete","Utah","09-29-2022","Commercial Turkey Meat Bird","19300"
"Lancaster","Pennsylvania","09-29-2022","WOAH Non-Poultry","180"
"Mesa","Colorado","09-29-2022","WOAH Non-Poultry","40"
"Sanpete","Utah","09-29-2022","Commercial Turkey Meat Bird","19900"
"Dunn","Wisconsin","09-29-2022","Commercial Turkey Meat Bird","79500"
"Sanpete","Utah","09-28-2022","Commercial Turkey Meat Bird","24400"
"Tillamook","Oregon","09-28-2022","WOAH Non-Poultry","10"
"Tillamook","Oregon","09-28-2022","WOAH Non-Poultry","40"
"Racine","Wisconsin","09-28-2022","Commercial Duck Meat Bird","10000"
"Ransom","North Dakota","09-27-2022","Commercial Turkey Meat Bird","69100"
"Sanpete","Utah","09-27-2022","Commercial Turkey Meat Bird","36700"
"Sanpete","Utah","09-27-2022","Commercial Turkey Meat Bird","127200"
"Goodhue","Minnesota","09-27-2022","WOAH Non-Poultry","80"
"Kent","Delaware","09-24-2022","WOAH Non-Poultry","30"
"Kent","Delaware","09-24-2022","WOAH Non-Poultry","10"
"Mcpherson","South Dakota","09-24-2022","Commercial Turkey Meat Bird","56900"
"Dallas","Texas","09-24-2022","WOAH Non-Poultry","60"
"Merrimack","New Hampshire","09-23-2022","WOAH Poultry","250"
"Kingsbury","South Dakota","09-22-2022","WOAH Non-Poultry","250"
"Ward","North Dakota","09-22-2022","WOAH Poultry","60"
"Anne Arundel","Maryland","09-22-2022","WOAH Non-Poultry","4"
"Todd","Minnesota","09-22-2022","WOAH Non-Poultry","50"
"Sanpete","Utah","09-21-2022","Commercial Turkey Meat Bird","11100"
"Roseau","Minnesota","09-21-2022","Commercial Turkey Meat Bird","116000"
"Weld","Colorado","09-21-2022","Commercial Table Egg Layer","1150000"
"Otter Tail","Minnesota","09-21-2022","Commercial Turkey Meat Bird","5900"
"Gooding","Idaho","09-21-2022","Commercial Upland Gamebird Producer","9000"
"Fresno","California","09-20-2022","WOAH Non-Poultry","100"
"Washington","Pennsylvania","09-20-2022","WOAH Poultry","1800"
"Clark","South Dakota","09-20-2022","Commercial Turkey Meat Bird","41700"
"Sanpete","Utah","09-20-2022","Commercial Turkey Meat Bird","73200"
"Brown","Minnesota","09-20-2022","Commercial Turkey Meat Bird","43000"
"Stearns","Minnesota","09-20-2022","Commercial Turkey Meat Bird","64600"
"Clark","South Dakota","09-20-2022","Commercial Turkey Meat Bird","23900"
"Macomb","Michigan","09-19-2022","WOAH Non-Poultry","40"
"Dawes","Nebraska","09-19-2022","WOAH Non-Poultry","40"
"Pierce","Washington","09-16-2022","WOAH Non-Poultry","30"
"Teton","Montana","09-15-2022","WOAH Poultry","2800"
"Obion","Tennessee","09-15-2022","WOAH Poultry","130"
"Summit","Ohio","09-15-2022","WOAH Non-Poultry","6"
"Fresno","California","09-15-2022","Commercial Broiler Breeder","15900"
"Bristol","Massachusetts","09-15-2022","WOAH Non-Poultry","50"
"Isanti","Minnesota","09-14-2022","WOAH Non-Poultry","4"
"Allen","Ohio","09-14-2022","WOAH Non-Poultry","2"
"Williams","Ohio","09-14-2022","WOAH Non-Poultry","60"
"Otter Tail","Minnesota","09-14-2022","Commercial Turkey Breeder Hens","7900"
"Meeker","Minnesota","09-14-2022","Commercial Turkey Meat Bird","61400"
"Freeborn","Minnesota","09-13-2022","WOAH Non-Poultry","320"
"Ingham","Michigan","09-13-2022","WOAH Poultry","20"
"Brown","Minnesota","09-13-2022","Commercial Turkey Meat Bird","43700"
"Sanpete","Utah","09-13-2022","Commercial Turkey Meat Bird","5800"
"Stearns","Minnesota","09-13-2022","Commercial Turkey Meat Bird","69400"
"Twin Falls","Idaho","09-12-2022","WOAH Non-Poultry","40"
"Becker","Minnesota","09-09-2022","Commercial Turkey Breeder Hens","17100"
"El Dorado","California","09-09-2022","WOAH Non-Poultry","150"
"Fresno","California","09-09-2022","Commercial Broiler Breeder","23900"
"Meeker","Minnesota","09-08-2022","Commercial Turkey Meat Bird","34200"
"Morrison","Minnesota","09-07-2022","Commercial Turkey Meat Bird","50200"
"Defiance","Ohio","09-03-2022","Commercial Table Egg Layer","3748500"
"Ashland","Ohio","09-03-2022","WOAH Non-Poultry","640"
"Washington","Wisconsin","09-02-2022","WOAH Poultry","120"
"Cass","North Dakota","09-01-2022","WOAH Non-Poultry","6"
"Tuolumne","California","09-01-2022","Commercial Turkey Meat Bird","30800"
"Hennepin","Minnesota","09-01-2022","WOAH Non-Poultry","10"
"Fresno","California","09-01-2022","Commercial Broiler Breeder","22900"
"Sacramento","California","09-01-2022","WOAH Non-Poultry","20"
"Elkhart","Indiana","09-01-2022","WOAH Poultry","260"
"Meeker","Minnesota","08-30-2022","Commercial Turkey Meat Bird","52000"
"Sacramento","California","08-30-2022","Commercial Turkey Meat Bird","97000"
"Meeker","Minnesota","08-30-2022","Commercial Turkey Meat Bird","126400"
"Tuolumne","California","08-30-2022","Commercial Turkey Meat Bird","91000"
"Tuolumne","California","08-30-2022","Commercial Turkey Meat Bird","7400"
"Caroline","Virginia","08-29-2022","WOAH Non-Poultry","110"
"Tuolumne","California","08-26-2022","Commercial Turkey Meat Bird","161700"
"Fresno","California","08-26-2022","Commercial Broiler Breeder","34800"
"Cowlitz","Washington","08-26-2022","WOAH Non-Poultry","20"
"Pierce","Washington","08-25-2022","WOAH Non-Poultry","70"
"Weber","Utah","08-24-2022","WOAH Non-Poultry","20"
"Contra Costa","California","08-23-2022","WOAH Non-Poultry","60"
"Henry","Georgia","08-22-2022","WOAH Non-Poultry","80"
"Fresno","California","08-22-2022","Commercial Broiler Breeder","33900"
"Kitsap","Washington","08-19-2022","WOAH Non-Poultry","10"
"Walla Walla","Washington","08-18-2022","WOAH Non-Poultry","2"
"Osceola","Florida","08-16-2022","WOAH Non-Poultry","10"
"Butte","California","08-16-2022","WOAH Non-Poultry","1100"
"Northampton","Pennsylvania","08-11-2022","WOAH Poultry","90"
"Sacramento","California","08-10-2022","WOAH Non-Poultry","40"
"Bethel","Alaska","08-02-2022","WOAH Non-Poultry","20"
"Coos","Oregon","07-28-2022","WOAH Non-Poultry","20"
"Jefferson","Washington","07-26-2022","WOAH Non-Poultry","80"
"Flathead","Montana","07-26-2022","WOAH Non-Poultry","7"
"Sanpete","Utah","07-26-2022","Commercial Turkey Meat Bird","12700"
"Deschutes","Oregon","07-22-2022","WOAH Non-Poultry","90"
"Deschutes","Oregon","07-22-2022","WOAH Non-Poultry","120"
"Deschutes","Oregon","07-21-2022","WOAH Poultry","60"
"Seminole","Florida","07-21-2022","WOAH Non-Poultry","160"
"Deschutes","Oregon","07-19-2022","WOAH Poultry","100"
"Snohomish","Washington","07-19-2022","WOAH Poultry","340"
"Sanpete","Utah","07-19-2022","Commercial Turkey Meat Bird","23300"
"Deschutes","Oregon","07-15-2022","WOAH Poultry","60"
"Sanpete","Utah","07-14-2022","Commercial Turkey Meat Bird","15500"
"Deschutes","Oregon","07-12-2022","WOAH Poultry","100"
"Carson City","Nevada","07-07-2022","WOAH Non-Poultry","40"
"Jefferson","Washington","07-06-2022","WOAH Non-Poultry","20"
"Linn","Oregon","07-06-2022","WOAH Non-Poultry","40"
"Kitsap","Washington","07-01-2022","WOAH Non-Poultry","6"
"King","Washington","07-01-2022","WOAH Poultry","220"
"Salt Lake","Utah","07-01-2022","WOAH Non-Poultry","20"
"Cumberland","Maine","06-29-2022","WOAH Non-Poultry","20"
"Yakima","Washington","06-29-2022","WOAH Non-Poultry","6"
"Pierce","Washington","06-24-2022","WOAH Non-Poultry","50"
"King","Washington","06-22-2022","WOAH Non-Poultry","3"
"Snohomish","Washington","06-22-2022","WOAH Non-Poultry","200"
"Yakima","Washington","06-22-2022","WOAH Non-Poultry","90"
"King","Washington","06-22-2022","WOAH Non-Poultry","9"
"Yakima","Washington","06-14-2022","WOAH Non-Poultry","30"
"Salt Lake","Utah","06-13-2022","WOAH Non-Poultry","70"
"Snohomish","Washington","06-09-2022","WOAH Non-Poultry","30"
"Snohomish","Washington","06-09-2022","WOAH Non-Poultry","9"
"Allen","Indiana","06-09-2022","WOAH Non-Poultry","40"
"Yakima","Washington","06-09-2022","WOAH Non-Poultry","70"
"Weld","Colorado","06-09-2022","Commercial Table Egg Pullets","205000"
"Polk","Oregon","06-08-2022","WOAH Non-Poultry","90"
"Allen","Indiana","06-07-2022","WOAH Poultry","110"
"King","Washington","06-07-2022","WOAH Poultry","50"
"Weld","Colorado","06-07-2022","Commercial Table Egg Layer","1936800"
"Mchenry","North Dakota","06-06-2022","WOAH Poultry","30"
"Snohomish","Washington","06-02-2022","WOAH Non-Poultry","30"
"Berks","Pennsylvania","06-02-2022","Commercial Duck Meat Bird","30100"
"Toombs","Georgia","06-01-2022","WOAH Non-Poultry","490"
"Becker","Minnesota","05-31-2022","WOAH Non-Poultry","40"
"Snohomish","Washington","05-27-2022","WOAH Non-Poultry","40"
"King","Washington","05-25-2022","WOAH Non-Poultry","20"
"King","Washington","05-24-2022","WOAH Non-Poultry","180"
"King","Washington","05-24-2022","WOAH Non-Poultry","7"
"Ada","Idaho","05-24-2022","WOAH Non-Poultry","30"
"Bayfield","Wisconsin","05-23-2022","WOAH Non-Poultry","40"
"Berks","Pennsylvania","05-23-2022","Commercial Duck Breeder","4700"
"Dakota","Minnesota","05-21-2022","Commercial Turkey Meat Bird","54400"
"Campbell","Wyoming","05-20-2022","WOAH Non-Poultry","30"
"Codington","South Dakota","05-20-2022","WOAH Poultry","80"
"Polk","Minnesota","05-20-2022","WOAH Non-Poultry","50"
"Ada","Idaho","05-20-2022","WOAH Non-Poultry","7"
"Canyon","Idaho","05-19-2022","WOAH Non-Poultry","10"
"Canyon","Idaho","05-19-2022","WOAH Non-Poultry","10"
"Allen","Indiana","05-19-2022","WOAH Non-Poultry","7"
"Ada","Idaho","05-19-2022","WOAH Poultry","70"
"Jefferson","Colorado","05-19-2022","WOAH Non-Poultry","10"
"Ada","Idaho","05-19-2022","WOAH Non-Poultry","30"
"Canyon","Idaho","05-18-2022","WOAH Non-Poultry","10"
"Clay","Minnesota","05-18-2022","WOAH Non-Poultry","20"
"Canyon","Idaho","05-18-2022","WOAH Poultry","160"
"Ada","Idaho","05-18-2022","WOAH Non-Poultry","6"
"Canyon","Idaho","05-18-2022","WOAH Poultry","6"
"Berks","Pennsylvania","05-18-2022","Commercial Duck Breeder","7200"
"Kandiyohi","Minnesota","05-18-2022","Commercial Turkey Breeder Toms","4700"
"Ada","Idaho","05-17-2022","WOAH Poultry","9"
"Canyon","Idaho","05-17-2022","WOAH Poultry","30"
"Thurston","Washington","05-17-2022","WOAH Non-Poultry","410"
"Monmouth","New Jersey","05-17-2022","WOAH Poultry","60"
"Canyon","Idaho","05-17-2022","WOAH Poultry","30"
"Lane","Oregon","05-17-2022","WOAH Poultry","450"
"Salt Lake","Utah","05-17-2022","WOAH Non-Poultry","30"
"Ada","Idaho","05-17-2022","WOAH Non-Poultry","20"
"Berks","Pennsylvania","05-17-2022","Commercial Table Egg Layer","79000"
"Boone","Illinois","05-17-2022","WOAH Non-Poultry","20"
"Burke","North Dakota","05-17-2022","WOAH Non-Poultry","50"
"Canyon","Idaho","05-17-2022","WOAH Non-Poultry","50"
"Dunn","Wisconsin","05-16-2022","WOAH Non-Poultry","150"
"Berks","Pennsylvania","05-14-2022","Commercial Table Egg Breeder","83700"
"Ada","Idaho","05-13-2022","WOAH Non-Poultry","60"
"Canyon","Idaho","05-13-2022","WOAH Non-Poultry","9"
"Lincoln","Wyoming","05-13-2022","WOAH Non-Poultry","40"
"Barron","Wisconsin","05-13-2022","Commercial Turkey Meat Bird","10500"
"Marinette","Wisconsin","05-13-2022","WOAH Non-Poultry","90"
"Sheridan","Wyoming","05-13-2022","WOAH Non-Poultry","20"
"Grant","Minnesota","05-12-2022","WOAH Non-Poultry","310"
"Okanogan","Washington","05-12-2022","WOAH Non-Poultry","20"
"Chisago","Minnesota","05-12-2022","WOAH Non-Poultry","40"
"Whatcom","Washington","05-12-2022","WOAH Non-Poultry","80"
"Ada","Idaho","05-12-2022","WOAH Non-Poultry","10"
"Clallam","Washington","05-11-2022","WOAH Non-Poultry","10"
"Pierce","Washington","05-11-2022","WOAH Non-Poultry","20"
"Chisago","Minnesota","05-11-2022","WOAH Poultry","160"
"Clallam","Washington","05-11-2022","WOAH Non-Poultry","10"
"Ada","Idaho","05-11-2022","WOAH Non-Poultry","4"
"Cache","Utah","05-11-2022","WOAH Non-Poultry","20"
"Todd","Minnesota","05-10-2022","WOAH Non-Poultry","50"
"Muskegon","Michigan","05-10-2022","Commercial Turkey Meat Bird","35100"
"Crow Wing","Minnesota","05-10-2022","WOAH Poultry","150"
"Ada","Idaho","05-10-2022","WOAH Poultry","70"
"Pierce","Washington","05-10-2022","WOAH Non-Poultry","20"
"Berks","Pennsylvania","05-10-2022","Commercial Duck Breeder","23800"
"Lancaster","Pennsylvania","05-10-2022","Commercial Table Egg Layer","72300"
"Berks","Pennsylvania","05-10-2022","Commercial Duck Meat Bird","37300"
"Canyon","Idaho","05-09-2022","WOAH Poultry","50"
"Spokane","Washington","05-07-2022","WOAH Non-Poultry","80"
"Barron","Wisconsin","05-07-2022","Commercial Turkey Meat Bird","20100"
"Anoka","Minnesota","05-06-2022","WOAH Non-Poultry","10"
"Oakland","Michigan","05-06-2022","WOAH Non-Poultry","50"
"Fergus","Montana","05-06-2022","WOAH Non-Poultry","20"
"Pierce","Wisconsin","05-05-2022","WOAH Non-Poultry","30"
"Linn","Oregon","05-05-2022","WOAH Non-Poultry","90"
"Pacific","Washington","05-05-2022","WOAH Poultry","40"
"Hamlin","South Dakota","05-04-2022","WOAH Non-Poultry","20"
"Day","South Dakota","05-04-2022","WOAH Poultry","80"
"Carver","Minnesota","05-04-2022","WOAH Non-Poultry","30"
"Bremer","Iowa","05-04-2022","WOAH Non-Poultry","50"
"Polk","Wisconsin","05-03-2022","WOAH Non-Poultry","120"
"Fond Du Lac","Wisconsin","05-03-2022","WOAH Non-Poultry","20"
"Sauk","Wisconsin","05-03-2022","WOAH Non-Poultry","40"
"Berks","Pennsylvania","05-03-2022","Commercial Duck Meat Bird","74300"
"Berks","Pennsylvania","05-03-2022","Commercial Duck Breeder","29600"
"Chisago","Minnesota","05-03-2022","WOAH Non-Poultry","30"
"Beadle","South Dakota","05-03-2022","Commercial Turkey Meat Bird","56200"
"Lyon","Minnesota","05-03-2022","Commercial Turkey Meat Bird","120300"
"Barron","Wisconsin","05-03-2022","Commercial Turkey Meat Bird","19300"
"Barron","Wisconsin","05-03-2022","Commercial Turkey Meat Bird","46700"
"Kane","Illinois","05-03-2022","WOAH Non-Poultry","50"
"Morrison","Minnesota","04-30-2022","WOAH Non-Poultry","50"
"Sequoyah","Oklahoma","04-30-2022","Commercial Broiler Breeder","13800"
"Branch","Michigan","04-30-2022","WOAH Non-Poultry","20"
"Chisago","Minnesota","04-30-2022","WOAH Non-Poultry","60"
"Chisago","Minnesota","04-30-2022","WOAH Non-Poultry","30"
"Washington","Nebraska","04-29-2022","WOAH Non-Poultry","50"
"Pondera","Montana","04-29-2022","WOAH Non-Poultry","2000"
"Matanuska Susitna","Alaska","04-29-2022","WOAH Non-Poultry","30"
"Oconto","Wisconsin","04-29-2022","WOAH Non-Poultry","220"
"Barron","Wisconsin","04-29-2022","WOAH Non-Poultry","150"
"Weld","Colorado","04-29-2022","Commercial Table Egg Layer","1366200"
"Lancaster","Pennsylvania","04-29-2022","Commercial Duck Meat Bird","19300"
"Stearns","Minnesota","04-29-2022","Commercial Turkey Breeder Hens","9600"
"Gallatin","Montana","04-29-2022","WOAH Non-Poultry","20"
"Fergus","Montana","04-29-2022","WOAH Non-Poultry","110"
"Caledonia","Vermont","04-28-2022","WOAH Non-Poultry","30"
"Barron","Wisconsin","04-28-2022","Commercial Turkey Meat Bird","110700"
"Swift","Minnesota","04-28-2022","WOAH Non-Poultry","20"
"Johnson","Indiana","04-28-2022","WOAH Non-Poultry","40"
"Carver","Minnesota","04-28-2022","WOAH Non-Poultry","20"
"Wexford","Michigan","04-28-2022","WOAH Poultry","70"
"Republic","Kansas","04-27-2022","WOAH Poultry","110"
"Lancaster","Pennsylvania","04-27-2022","Commercial Broiler Breeder Pullets","18100"
"Knox","Nebraska","04-27-2022","Commercial Table Egg Layer","2118000"
"Saginaw","Michigan","04-27-2022","WOAH Non-Poultry","80"
"Richland","North Dakota","04-26-2022","WOAH Poultry","20"
"Missoula","Montana","04-26-2022","WOAH Non-Poultry","70"
"Lancaster","Pennsylvania","04-26-2022","Commercial Table Egg Layer","307400"
"Kossuth","Iowa","04-26-2022","WOAH Non-Poultry","4"
"Rice","Minnesota","04-25-2022","WOAH Non-Poultry","90"
"Menominee","Michigan","04-25-2022","WOAH Non-Poultry","40"
"Cache","Utah","04-25-2022","Commercial Table Egg Layer","1501200"
"Stearns","Minnesota","04-25-2022","Commercial Turkey Meat Bird","14600"
"Polk","Wisconsin","04-23-2022","WOAH Non-Poultry","40"
"Swift","Minnesota","04-22-2022","Commercial Turkey Meat Bird","127400"
"Yellow Medicine","Minnesota","04-22-2022","Commercial Turkey Meat Bird","49500"
"Lancaster","Pennsylvania","04-22-2022","Commercial Broiler Production","50300"
"Otter Tail","Minnesota","04-22-2022","Commercial Turkey Meat Bird","27300"
"Todd","Minnesota","04-21-2022","Commercial Turkey Meat Bird","19700"
"Renville","North Dakota","04-21-2022","WOAH Non-Poultry","70"
"Bremer","Iowa","04-21-2022","Commercial Turkey Meat Bird","29200"
"Todd","Minnesota","04-21-2022","Commercial Turkey Meat Bird","37000"
"Richland","North Dakota","04-21-2022","Commercial Turkey Meat Bird","27500"
"Morrison","Minnesota","04-21-2022","Commercial Turkey Meat Bird","40900"
"Stearns","Minnesota","04-20-2022","Commercial Turkey Meat Bird","62800"
"Todd","Minnesota","04-20-2022","Commercial Turkey Meat Bird","30300"
"Glacier","Montana","04-20-2022","WOAH Poultry","54200"
"Madison","Idaho","04-20-2022","WOAH Poultry","200"
"Lancaster","Pennsylvania","04-20-2022","Commercial Table Egg Layer","879400"
"Elkhart","Indiana","04-20-2022","Commercial Duck Meat Bird","6600"
"Lancaster","Pennsylvania","04-20-2022","Commercial Table Egg Layer","1127700"
"Todd","Minnesota","04-20-2022","Commercial Turkey Meat Bird","30100"
"Stearns","Minnesota","04-20-2022","Commercial Turkey Meat Bird","72000"
"Morrison","Minnesota","04-19-2022","Commercial Turkey Meat Bird","47700"
"Otter Tail","Minnesota","04-19-2022","Commercial Turkey Meat Bird","29700"
"Gooding","Idaho","04-19-2022","WOAH Non-Poultry","80"
"Stutsman","North Dakota","04-19-2022","WOAH Poultry","20"
"La Plata","Colorado","04-19-2022","WOAH Poultry","40"
"Morrison","Minnesota","04-19-2022","Commercial Turkey Meat Bird","58100"
"Morrison","Minnesota","04-19-2022","Commercial Turkey Meat Bird","17600"
"Swift","Minnesota","04-19-2022","Commercial Turkey Meat Bird","31600"
"Montrose","Colorado","04-19-2022","Commercial Broiler Breeder","58000"
"Meeker","Minnesota","04-19-2022","Commercial Turkey Meat Bird","53000"
"Kandiyohi","Minnesota","04-19-2022","Commercial Turkey Meat Bird","38700"
"Kandiyohi","Minnesota","04-19-2022","Commercial Turkey Meat Bird","35700"
"Menominee","Michigan","04-16-2022","WOAH Non-Poultry","30"
"Macomb","Michigan","04-15-2022","WOAH Non-Poultry","40"
"Utah","Utah","04-15-2022","WOAH Non-Poultry","7"
"Lancaster","Pennsylvania","04-15-2022","Commercial Table Egg Layer","1380500"
"Polk","Wisconsin","04-15-2022","Commercial Turkey Meat Bird","22000"
"Livingston","Michigan","04-15-2022","WOAH Non-Poultry","20"
"Columbia","Wisconsin","04-14-2022","WOAH Non-Poultry","70"
"Lamoure","North Dakota","04-14-2022","WOAH Non-Poultry","10"
"Gooding","Idaho","04-14-2022","WOAH Poultry","20"
"Sheboygan","Wisconsin","04-14-2022","WOAH Non-Poultry","20"
"Blue Earth","Minnesota","04-14-2022","Commercial Turkey Meat Bird","26400"
"Elkhart","Indiana","04-14-2022","Commercial Duck Breeder","6400"
"Caribou","Idaho","04-14-2022","WOAH Non-Poultry","7"
"Meeker","Minnesota","04-14-2022","Commercial Turkey Meat Bird","73200"
"Benton","Minnesota","04-13-2022","WOAH Non-Poultry","7"
"Deuel","South Dakota","04-13-2022","Commercial Upland Gamebird Producer","1400"
"Barnes","North Dakota","04-13-2022","WOAH Poultry","90"
"Menominee","Michigan","04-13-2022","WOAH Poultry","350"
"Otter Tail","Minnesota","04-13-2022","Commercial Turkey Meat Bird","35700"
"Mcpherson","Kansas","04-13-2022","Commercial Turkey Breeder Hens","6900"
"Waseca","Minnesota","04-13-2022","Commercial Turkey Meat Bird","20300"
"Blue Earth","Minnesota","04-13-2022","Commercial Turkey Meat Bird","22700"
"Morrison","Minnesota","04-12-2022","Commercial Turkey Meat Bird","37600"
"Kandiyohi","Minnesota","04-12-2022","Commercial Turkey Meat Bird","37100"
"Benton","Minnesota","04-12-2022","WOAH Non-Poultry","130"
"Sheridan","North Dakota","04-12-2022","WOAH Non-Poultry","30"
"Toole","Montana","04-12-2022","WOAH Non-Poultry","20"
"Yellow Medicine","Minnesota","04-12-2022","Commercial Turkey Meat Bird","44800"
"Wayne","North Carolina","04-12-2022","Commercial Broiler Production","89700"
"Morrison","Minnesota","04-12-2022","Commercial Broiler Production","42900"
"Dixon","Nebraska","04-12-2022","Commercial Table Egg Layer","1746900"
"Barron","Wisconsin","04-12-2022","Commercial Turkey Meat Bird","46500"
"Morrison","Minnesota","04-12-2022","Commercial Table Egg Layer","216200"
"Menominee","Michigan","04-11-2022","WOAH Non-Poultry","70"
"Swift","Minnesota","04-09-2022","Commercial Turkey Meat Bird","130900"
"Yankton","South Dakota","04-09-2022","Commercial Turkey Meat Bird","76100"
"Le Sueur","Minnesota","04-09-2022","Commercial Turkey Meat Bird","37800"
"Stearns","Minnesota","04-09-2022","Commercial Turkey Meat Bird","26100"
"Stutsman","North Dakota","04-08-2022","WOAH Poultry","40"
"Pitkin","Colorado","04-08-2022","WOAH Poultry","30"
"Elkhart","Indiana","04-08-2022","Commercial Duck Breeder","4700"
"Clark","South Dakota","04-08-2022","Commercial Turkey Meat Bird","38700"
"Edmunds","South Dakota","04-08-2022","Commercial Turkey Meat Bird","36400"
"Renville","Minnesota","04-08-2022","Commercial Turkey Meat Bird","76400"
"Otter Tail","Minnesota","04-08-2022","Commercial Turkey Meat Bird","29900"
"Cascade","Montana","04-07-2022","WOAH Poultry","22000"
"Racine","Wisconsin","04-07-2022","WOAH Poultry","220"
"Kandiyohi","Minnesota","04-07-2022","Commercial Turkey Breeder Hens","20800"
"Wayne","North Carolina","04-07-2022","Commercial Turkey Meat Bird","18500"
"Judith Basin","Montana","04-07-2022","WOAH Non-Poultry","20"
"Fulton","New York","04-06-2022","WOAH Non-Poultry","4"
"Park","Wyoming","04-06-2022","WOAH Non-Poultry","100"
"Wayne","North Carolina","04-06-2022","Commercial Broiler Production","65600"
"Dade","Missouri","04-06-2022","Commercial Turkey Meat Bird","14000"
"Wayne","North Carolina","04-06-2022","Commercial Broiler Production","216000"
"Mcpherson","South Dakota","04-06-2022","Commercial Turkey Meat Bird","45900"
"Waseca","Minnesota","04-06-2022","Commercial Turkey Meat Bird","17900"
"Queens","New York","04-05-2023","Live Bird Market","1300"
"Morrison","Minnesota","04-05-2022","Commercial Turkey Meat Bird","26200"
"Meeker","Minnesota","04-05-2022","Commercial Turkey Meat Bird","128500"
"Beadle","South Dakota","04-05-2022","Commercial Turkey Meat Bird","55600"
"Faulk","South Dakota","04-05-2022","Commercial Turkey Meat Bird","48000"
"Spink","South Dakota","04-05-2022","Commercial Turkey Meat Bird","26300"
"Morrison","Minnesota","04-05-2022","Commercial Turkey Meat Bird","105300"
"Waseca","Minnesota","04-05-2022","Commercial Turkey Meat Bird","25500"
"Wayne","North Carolina","04-05-2022","Commercial Turkey Meat Bird","14200"
"Lawrence","Missouri","04-05-2022","Commercial Turkey Meat Bird","27600"
"Clark","South Dakota","04-05-2022","Commercial Turkey Meat Bird","24000"
"Stearns","Minnesota","04-05-2022","Commercial Turkey Meat Bird","40800"
"Hardin","Iowa","04-05-2022","Commercial Turkey Meat Bird","46000"
"Big Stone","Minnesota","04-05-2022","Commercial Turkey Meat Bird","49500"
"Sheridan","Wyoming","04-05-2022","WOAH Non-Poultry","50"
"Orleans","New York","04-05-2022","WOAH Poultry","30"
"Cass","North Dakota","04-05-2022","WOAH Non-Poultry","110"
"Waldo","Maine","04-05-2022","WOAH Non-Poultry","50"
"Scotts Bluff","Nebraska","04-05-2022","WOAH Non-Poultry","30"
"Kandiyohi","Minnesota","04-04-2022","Commercial Turkey Meat Bird","38500"
"Morrison","Minnesota","04-04-2022","Commercial Turkey Meat Bird","32400"
"Hamilton","Iowa","04-04-2022","Commercial Turkey Poult Supplier","8100"
"Mcpherson","South Dakota","04-04-2022","Commercial Turkey Meat Bird","61000"
"Kandiyohi","Minnesota","04-04-2022","Commercial Turkey Breeder Hens","48500"
"Kandiyohi","Minnesota","04-04-2022","Commercial Turkey Breeder Hens","20400"
"Lamoure","North Dakota","04-04-2022","Commercial Turkey Meat Bird","50900"
"Becker","Minnesota","04-04-2022","Commercial Turkey Meat Bird","44700"
"Le Sueur","Minnesota","04-03-2023","WOAH Non-Poultry","100"
"Erath","Texas","04-03-2022","Commercial Upland Gamebird Producer","1700"
"Dodge","Minnesota","04-03-2022","Commercial Turkey Meat Bird","20000"
"Le Sueur","Minnesota","04-03-2022","Commercial Turkey Meat Bird","19600"
"Johnston","North Carolina","04-02-2022","Commercial Turkey Meat Bird","9500"
"Lake","South Dakota","04-02-2022","Commercial Turkey Meat Bird","59000"
"Spink","South Dakota","04-02-2022","Commercial Turkey Meat Bird","41800"
"Johnston","North Carolina","04-02-2022","Commercial Turkey Meat Bird","18900"
"Wayne","North Carolina","04-02-2022","Commercial Turkey Meat Bird","16900"
"Humboldt","Iowa","04-02-2022","Commercial Table Egg Breeder","15300"
"Lamoure","North Dakota","04-02-2022","Commercial Turkey Meat Bird","27400"
"Sac","Iowa","04-02-2022","Commercial Turkey Meat Bird","37200"
"Stearns","Minnesota","04-02-2022","Commercial Turkey Meat Bird","27600"
"Charles Mix","South Dakota","04-01-2022","Commercial Turkey Meat Bird","81500"
"Rock","Wisconsin","04-01-2022","WOAH Non-Poultry","20"
"Fremont","Wyoming","04-01-2022","WOAH Non-Poultry","50"
"Edmunds","South Dakota","04-01-2022","Commercial Turkey Breeder Replacement Hens","30600"
"Jasper","Missouri","04-01-2022","Commercial Turkey Meat Bird","35300"
"Dickey","North Dakota","04-01-2022","Commercial Turkey Meat Bird","60700"
"Morrison","Minnesota","03-31-2022","Commercial Turkey Meat Bird","52600"
"Carroll","Illinois","03-31-2022","WOAH Non-Poultry","40"
"Dickey","North Dakota","03-31-2022","WOAH Poultry","30"
"Cherokee","Iowa","03-31-2022","Commercial Turkey Meat Bird","88000"
"Stearns","Minnesota","03-31-2022","WOAH Non-Poultry","150"
"Mcpherson","South Dakota","03-31-2022","Commercial Turkey Breeder Hens","26000"
"Osceola","Iowa","03-31-2022","Commercial Table Egg Layer","5011700"
"Umatilla","Oregon","03-30-2023","WOAH Non-Poultry","50"
"Brule","South Dakota","03-30-2022","Commercial Turkey Meat Bird","55100"
"Park","Wyoming","03-30-2022","WOAH Non-Poultry","40"
"Lincoln","Maine","03-30-2022","WOAH Non-Poultry","3"
"Buena Vista","Iowa","03-30-2022","Commercial Turkey Meat Bird","35600"
"Knox","Maine","03-29-2022","WOAH Non-Poultry","40"
"Johnston","North Carolina","03-29-2022","Commercial Turkey Meat Bird","32100"
"Berkshire","Massachusetts","03-29-2022","WOAH Non-Poultry","260"
"Johnson","Wyoming","03-29-2022","WOAH Non-Poultry","40"
"Franklin","Ohio","03-29-2022","WOAH Non-Poultry","8"
"Edmunds","South Dakota","03-29-2022","Commercial Turkey Breeder Hens","21900"
"Kandiyohi","Minnesota","03-29-2022","Commercial Turkey Meat Bird","39500"
"Lac Qui Parle","Minnesota","03-29-2022","Commercial Turkey Meat Bird","22500"
"Spink","South Dakota","03-29-2022","Commercial Turkey Meat Bird","45900"
"Bon Homme","South Dakota","03-29-2022","Commercial Turkey Meat Bird","48200"
"Kidder","North Dakota","03-29-2022","WOAH Poultry","30"
"Monroe","New York","03-29-2022","WOAH Poultry","400"
"Yuma","Colorado","03-28-2023","WOAH Poultry","310"
"Hamilton","Iowa","03-28-2022","Commercial Turkey Meat Bird","25800"
"Guthrie","Iowa","03-28-2022","Commercial Table Egg Layer","1460000"
"Mcpherson","South Dakota","03-27-2022","Commercial Turkey Meat Bird","43900"
"Hutchinson","South Dakota","03-27-2022","Commercial Turkey Meat Bird","39200"
"Clark","South Dakota","03-27-2022","Commercial Turkey Meat Bird","43100"
"Gentry","Missouri","03-26-2022","WOAH Non-Poultry","140"
"Holt","Nebraska","03-26-2022","WOAH Non-Poultry","50"
"Bon Homme","South Dakota","03-26-2022","WOAH Non-Poultry","230"
"Mower","Minnesota","03-26-2022","WOAH Non-Poultry","20"
"Stearns","Minnesota","03-26-2022","Commercial Turkey Meat Bird","23500"
"Meeker","Minnesota","03-26-2022","Commercial Turkey Meat Bird","287500"
"Washington","Maine","03-26-2022","WOAH Non-Poultry","20"
"Mitchell","Kansas","03-25-2022","WOAH Non-Poultry","20"
"Suffolk","New York","03-25-2022","WOAH Poultry","290"
"Franklin","Iowa","03-25-2022","Commercial Table Egg Pullets","250200"
"Hutchinson","South Dakota","03-25-2022","Commercial Turkey Meat Bird","45800"
"Arapahoe","Colorado","03-24-2023","WOAH Non-Poultry","10"
"Ellsworth","Kansas","03-24-2023","WOAH Non-Poultry","50"
"Macomb","Michigan","03-24-2022","WOAH Non-Poultry","70"
"Jerauld","South Dakota","03-24-2022","Commercial Turkey Meat Bird","44000"
"Buena Vista","Iowa","03-24-2022","Commercial Turkey Meat Bird","53800"
"Butler","Nebraska","03-24-2022","Commercial Broiler Production","418500"
"Lapeer","Michigan","03-23-2023","WOAH Poultry","950"
"Edmunds","South Dakota","03-23-2022","Commercial Turkey Breeder Hens","30800"
"Kingsbury","South Dakota","03-23-2022","Commercial Table Egg Layer","120300"
"Beadle","South Dakota","03-23-2022","Commercial Turkey Meat Bird","49900"
"Suffolk","New York","03-23-2022","Commercial Upland Gamebird Producer","8500"
"Spink","South Dakota","03-22-2023","Commercial Upland Gamebird Producer","570"
"Tompkins","New York","03-22-2023","WOAH Poultry","6500"
"Hale","Texas","03-22-2023","WOAH Non-Poultry","20"
"Klamath","Oregon","03-22-2023","WOAH Non-Poultry","30"
"Queens","New York","03-22-2023","Live Bird Market","140"
"Butler","Nebraska","03-22-2022","Commercial Broiler Production","570000"
"Hanson","South Dakota","03-22-2022","Commercial Turkey Meat Bird","94600"
"Cumberland","Maine","03-22-2022","WOAH Poultry","250"
"Beadle","South Dakota","03-22-2022","Commercial Turkey Meat Bird","29400"
"Charles Mix","South Dakota","03-22-2022","Commercial Turkey Meat Bird","53800"
"Hillsborough","Florida","03-21-2023","Live Bird Market","340"
"Washington","New York","03-21-2023","WOAH Non-Poultry","50"
"Warren","Iowa","03-20-2022","WOAH Non-Poultry","10"
"Hutchinson","South Dakota","03-20-2022","Commercial Turkey Meat Bird","50400"
"Knox","Maine","03-19-2022","WOAH Non-Poultry","20"
"York","Maine","03-19-2022","WOAH Non-Poultry","70"
"Kingsbury","South Dakota","03-18-2022","Commercial Turkey Meat Bird","39200"
"Dickinson","Kansas","03-18-2022","WOAH Poultry","250"
"Hanson","South Dakota","03-18-2022","Commercial Turkey Meat Bird","20200"
"Cecil","Maryland","03-18-2022","Commercial Table Egg Pullets","315400"
"Lancaster","Pennsylvania","03-17-2023","WOAH Poultry","2500"
"Kent","Delaware","03-17-2022","Commercial Broiler Production","147800"
"Buena Vista","Iowa","03-17-2022","Commercial Table Egg Layer","5347500"
"Lincoln","Maine","03-17-2022","WOAH Non-Poultry","30"
"Sedgwick","Kansas","03-17-2022","WOAH Non-Poultry","6"
"Maries","Missouri","03-16-2023","WOAH Non-Poultry","10"
"Lancaster","Pennsylvania","03-16-2023","WOAH Poultry","2400"
"Lancaster","Pennsylvania","03-16-2023","WOAH Poultry","1600"
"Chester","Pennsylvania","03-16-2023","Commercial Turkey Meat Bird","11800"
"Monroe","Mississippi","03-16-2023","WOAH Non-Poultry","30"
"Rockingham","New Hampshire","03-16-2022","WOAH Non-Poultry","150"
"Mifflin","Pennsylvania","03-15-2023","WOAH Non-Poultry","60"
"Chickasaw","Iowa","03-15-2023","WOAH Non-Poultry","50"
"Ralls","Missouri","03-15-2022","WOAH Non-Poultry","100"
"Merrick","Nebraska","03-15-2022","WOAH Non-Poultry","90"
"Lancaster","Pennsylvania","03-14-2023","WOAH Poultry","2400"
"Lancaster","Pennsylvania","03-14-2023","WOAH Poultry","3000"
"Eaton","Michigan","03-14-2023","WOAH Non-Poultry","20"
"Lancaster","Pennsylvania","03-14-2023","WOAH Poultry","3900"
"Lancaster","Pennsylvania","03-14-2023","WOAH Poultry","2400"
"Lancaster","Pennsylvania","03-14-2023","WOAH Poultry","3000"
"York","Maine","03-14-2022","WOAH Non-Poultry","180"
"Jefferson","Wisconsin","03-14-2022","Commercial Table Egg Layer","2750700"
"Lancaster","Pennsylvania","03-13-2023","WOAH Poultry","6000"
"Charles Mix","South Dakota","03-12-2022","Commercial Turkey Meat Bird","37500"
"Lincoln","Maine","03-12-2022","WOAH Non-Poultry","100"
"Mclean","Illinois","03-11-2022","WOAH Non-Poultry","40"
"Franklin","Kansas","03-11-2022","WOAH Poultry","260"
"Taylor","Iowa","03-10-2022","Commercial Table Egg Layer","915900"
"Cecil","Maryland","03-10-2022","Commercial Table Egg Layer","663400"
"Lawrence","Missouri","03-09-2022","Commercial Turkey Breeder Replacement Hens","37800"
"Queen Anne's","Maryland","03-08-2022","Commercial Broiler Production","139300"
"Jasper","Missouri","03-08-2022","Commercial Turkey Meat Bird","25000"
"New Castle","Delaware","03-08-2022","Commercial Table Egg Pullets","243900"
"Rockingham","Virginia","03-07-2023","WOAH Non-Poultry","250"
"Lancaster","Pennsylvania","03-06-2023","WOAH Poultry","1800"
"Bingham","Idaho","03-06-2023","WOAH Non-Poultry","10"
"Bucks","Pennsylvania","03-06-2023","WOAH Poultry","1700"
"Lancaster","Pennsylvania","03-06-2023","WOAH Poultry","6000"
"Lancaster","Pennsylvania","03-06-2023","WOAH Poultry","310"
"Buena Vista","Iowa","03-06-2022","Commercial Turkey Meat Bird","49800"
"Charles Mix","South Dakota","03-05-2022","Commercial Turkey Meat Bird","44100"
"Northumberland","Pennsylvania","03-04-2023","WOAH Poultry","680"
"Lancaster","Pennsylvania","03-04-2023","Commercial Turkey Meat Bird","26600"
"Lancaster","Pennsylvania","03-04-2023","Commercial Turkey Meat Bird","19600"
"Chester","Pennsylvania","03-04-2023","WOAH Poultry","6900"
"Lancaster","Pennsylvania","03-04-2023","Commercial Duck Breeder","11300"
"Bates","Missouri","03-04-2022","WOAH Non-Poultry","50"
"Stoddard","Missouri","03-04-2022","Commercial Broiler Production","294800"
"Cecil","Maryland","03-04-2022","Commercial Table Egg Layer","644000"
"Douglas","Nevada","03-03-2023","WOAH Non-Poultry","20"
"Chester","Pennsylvania","03-03-2023","WOAH Poultry","5200"
"Dubois","Indiana","03-02-2022","Commercial Turkey Meat Bird","16500"
"Pottawattamie","Iowa","03-01-2022","WOAH Non-Poultry","40"
"New London","Connecticut","03-01-2022","WOAH Non-Poultry","160"
"Miami-dade","Florida","02-28-2023","Live Bird Market","510"
"Lancaster","Pennsylvania","02-27-2023","WOAH Poultry","4400"
"Chester","Pennsylvania","02-24-2023","WOAH Poultry","3400"
"Lancaster","Pennsylvania","02-24-2023","WOAH Poultry","4000"
"Wayne","Illinois","02-24-2023","Commercial Turkey Meat Bird","18200"
"Ulster","New York","02-24-2022","WOAH Non-Poultry","70"
"Dutchess","New York","02-24-2022","WOAH Non-Poultry","200"
"Dubois","Indiana","02-24-2022","Commercial Turkey Meat Bird","36000"
"Alexandria City","Virginia","02-23-2023","Live Bird Market","800"
"Lancaster","Pennsylvania","02-23-2023","WOAH Poultry","2000"
"Moffat","Colorado","02-23-2023","WOAH Non-Poultry","40"
"Knox","Maine","02-23-2022","WOAH Non-Poultry","100"
"Kalamazoo","Michigan","02-23-2022","WOAH Non-Poultry","30"
"Greene","Indiana","02-23-2022","Commercial Turkey Meat Bird","15400"
"Greene","Indiana","02-23-2022","Commercial Turkey Meat Bird","48200"
"Lancaster","Pennsylvania","02-22-2023","WOAH Poultry","4200"
"New Castle","Delaware","02-22-2022","Commercial Table Egg Layer","1046900"
"Lancaster","Pennsylvania","02-21-2023","Commercial Broiler Production","97700"
"Lincoln","Nebraska","02-21-2023","WOAH Poultry","420"
"Knox","Maine","02-19-2022","WOAH Non-Poultry","30"
"Suffolk","New York","02-18-2022","WOAH Non-Poultry","8"
"Tioga","Pennsylvania","02-17-2023","WOAH Non-Poultry","50"
"Copiah","Mississippi","02-17-2023","WOAH Poultry","50"
"San Joaquin","California","02-17-2023","WOAH Non-Poultry","160"
"Dubois","Indiana","02-16-2022","Commercial Turkey Meat Bird","26600"
"Columbia","New York","02-15-2023","WOAH Poultry","250"
"Webster","Kentucky","02-15-2022","Commercial Turkey Meat Bird","53300"
"Hillsborough","Florida","02-14-2023","WOAH Non-Poultry","10"
"Benton","Washington","02-14-2023","WOAH Non-Poultry","60"
"Doniphan","Kansas","02-13-2023","WOAH Non-Poultry","30"
"Carroll","Missouri","02-13-2023","WOAH Non-Poultry","9"
"Fauquier","Virginia","02-12-2022","WOAH Non-Poultry","90"
"Fulton","Kentucky","02-12-2022","Commercial Broiler Production","231400"
"Lancaster","Pennsylvania","02-08-2023","WOAH Poultry","20300"
"Mitchell","Kansas","02-08-2023","Commercial Upland Gamebird Producer","17000"
"Dubois","Indiana","02-08-2022","Commercial Turkey Meat Bird","29000"
"Allegheny","Pennsylvania","02-07-2023","WOAH Non-Poultry","20"
"Leake","Mississippi","02-07-2023","Commercial Broiler Production","89800"
"San Joaquin","California","02-06-2023","WOAH Non-Poultry","8"
"Placer","California","02-06-2023","WOAH Non-Poultry","30"
"Merced","California","02-06-2023","Commercial Duck Breeder","29100"
"Hancock","Maine","02-06-2023","WOAH Non-Poultry","30"
"Park","Wyoming","02-06-2023","WOAH Non-Poultry","10"
"Kennebec","Maine","02-06-2023","WOAH Non-Poultry","40"
"Lancaster","Pennsylvania","02-01-2023","WOAH Poultry","2700"
"Lancaster","Pennsylvania","02-01-2023","Commercial Duck Meat Bird","32800"
"Hancock","Maine","01-27-2023","WOAH Non-Poultry","40"
"Polk","Oregon","01-25-2023","WOAH Non-Poultry","20"
"Rockingham","Virginia","01-25-2023","Commercial Turkey Meat Bird","11100"
"Rowan","North Carolina","01-25-2023","WOAH Non-Poultry","2"
"Buena Vista","Iowa","01-25-2023","Commercial Turkey Meat Bird","27700"
"Suffolk","New York","01-25-2023","WOAH Non-Poultry","10"
"Belknap","New Hampshire","01-23-2023","WOAH Non-Poultry","40"
"Weakley","Tennessee","01-20-2023","Commercial Broiler Production","267800"
"Larimer","Colorado","01-20-2023","WOAH Non-Poultry","70"
"Rockingham","Virginia","01-19-2023","Commercial Turkey Meat Bird","25300"
"Snohomish","Washington","01-19-2023","WOAH Non-Poultry","20"
"El Dorado","California","01-19-2023","WOAH Non-Poultry","20"
"Licking","Ohio","01-18-2023","WOAH Non-Poultry","30"
"Lampasas","Texas","01-18-2023","WOAH Poultry","70"
"Mitchell","Kansas","01-17-2023","Commercial Upland Gamebird Producer","6900"
"Tehama","California","01-12-2023","WOAH Poultry","23700"
"Douglas","Oregon","01-11-2023","WOAH Non-Poultry","0"
"Cascade","Montana","01-10-2023","WOAH Non-Poultry","10"
"Scotts Bluff","Nebraska","01-09-2023","WOAH Non-Poultry","7"
"Sonoma","California","01-09-2023","WOAH Non-Poultry","20"
"San Joaquin","California","01-09-2023","WOAH Non-Poultry","10"
"Sonoma","California","01-09-2023","WOAH Non-Poultry","6"
"Thurston","Washington","01-06-2023","WOAH Non-Poultry","120"
"Weld","Colorado","01-06-2023","WOAH Non-Poultry","40"
"Codington","South Dakota","01-05-2023","WOAH Poultry","140"
"Johnson","Missouri","01-04-2023","WOAH Non-Poultry","30"
"Josephine","Oregon","01-04-2023","WOAH Non-Poultry","30"
"Anderson","Kansas","01-04-2023","Commercial Upland Gamebird Producer","8900"
